338491504,https://fix-price.com/catalog/sad-i-ogorod/p-5140139-nabor-dlya-vyraschivaniya-super-rassada-vyrasti-menya-v-assortimente
338495437,https://fix-price.com/catalog/sad-i-ogorod/p-5140139-nabor-dlya-vyraschivaniya-super-rassada-vyrasti-menya-v-assortimente
338496756,https://fix-price.com/catalog/sad-i-ogorod/p-5140139-nabor-dlya-vyraschivaniya-super-rassada-vyrasti-menya-v-assortimente
342394684,https://fix-price.com/catalog/sad-i-ogorod/p-5120291-yantarnaya-kislota-sekret-urojaya-4-g
342450787,https://fix-price.com/catalog/sad-i-ogorod/p-5120025-grunt-dlya-rassady-rodnaya-zemlya-10-l
342582484,https://fix-price.com/catalog/sad-i-ogorod/p-5120226-fosforno-kaliynoe-udobrenie-monokaliyfosfat-10-g
342605953,https://fix-price.com/catalog/sad-i-ogorod/p-5120030-fitosporin-m-ojz-kuznetsova-100-g
342866889,https://fix-price.com/catalog/sad-i-ogorod/p-5120137-korennik-schlkovo-agrohim-5-g
342903513,https://fix-price.com/catalog/sad-i-ogorod/p-5120201-biopreparat-kormilitsa-mikoriza-ojz-kuznetsova-30-g
342924012,https://fix-price.com/catalog/sad-i-ogorod/p-5120201-biopreparat-kormilitsa-mikoriza-ojz-kuznetsova-30-g
342924011,https://fix-price.com/catalog/sad-i-ogorod/p-5120201-biopreparat-kormilitsa-mikoriza-ojz-kuznetsova-30-g
343484480,https://fix-price.com/catalog/sad-i-ogorod/p-5120114-udobrenie-universalnoe-dlya-komnatnyh-rasteniy-ojz-kuznetsova-50-g
343490137,https://fix-price.com/catalog/sad-i-ogorod/p-5120114-udobrenie-universalnoe-dlya-komnatnyh-rasteniy-ojz-kuznetsova-50-g
343500469,https://fix-price.com/catalog/sad-i-ogorod/p-5120114-udobrenie-universalnoe-dlya-komnatnyh-rasteniy-ojz-kuznetsova-50-g
343547687,https://fix-price.com/catalog/sad-i-ogorod/p-5120298-udobrenie-listovoe-dlya-petuniy-i-balkonnyh-tsvetov-eafpoer--15-g
343547688,https://fix-price.com/catalog/sad-i-ogorod/p-5120298-udobrenie-listovoe-dlya-petuniy-i-balkonnyh-tsvetov-eafpoer--15-g
343533542,https://fix-price.com/catalog/sad-i-ogorod/p-5120298-udobrenie-listovoe-dlya-petuniy-i-balkonnyh-tsvetov-eafpoer--15-g
343603607,https://fix-price.com/catalog/sad-i-ogorod/p-5120370-nanoudobrenie-dlya-rassady-i-sajentsev---100-g
343603606,https://fix-price.com/catalog/sad-i-ogorod/p-5120370-nanoudobrenie-dlya-rassady-i-sajentsev---100-g
343602361,https://fix-price.com/catalog/sad-i-ogorod/p-5120370-nanoudobrenie-dlya-rassady-i-sajentsev---100-g
345379903,https://fix-price.com/catalog/sad-i-ogorod/p-5120372-udobrenie-vodorastvorimoe-dlya-gortenziy-magniy-i-sera---100-g
345379905,https://fix-price.com/catalog/sad-i-ogorod/p-5120313-regulyator-rosta-rasteniy-vashe-hozyaystvo-1-ml-v-assortimente
345379908,https://fix-price.com/catalog/sad-i-ogorod/p-5120224-udobrenie-kompleksnoe-vodorastvorimoe-eafpoer--15-g
345379909,https://fix-price.com/catalog/sad-i-ogorod/p-5120413-udobrenie-vodorastvorimoe-universalnoe-biona-30-g
345379912,https://fix-price.com/catalog/sad-i-ogorod/p-5120382-myagkoe-organomineralnoe-udobrenie-gumi-omi-orhideya-ojz-kuznetsova-50-g
345379917,https://fix-price.com/catalog/sad-i-ogorod/p-5120184-udobrenie-universalnoe-ertika-30-ml
345794420,https://fix-price.com/catalog/sad-i-ogorod/p-5120184-udobrenie-universalnoe-ertika-30-ml
345794421,https://fix-price.com/catalog/sad-i-ogorod/p-5120184-udobrenie-universalnoe-ertika-30-ml
345379923,https://fix-price.com/catalog/sad-i-ogorod/p-5120412-udobrenie-vodorastvorimoe-tomat-perets-biona-30-g
345379919,https://fix-price.com/catalog/sad-i-ogorod/p-5120392-udobrenie-dlya-roz-i-pionov-eaf-poer--15-g
345817599,https://fix-price.com/catalog/sad-i-ogorod/p-5120392-udobrenie-dlya-roz-i-pionov-eaf-poer--15-g
345817764,https://fix-price.com/catalog/sad-i-ogorod/p-5120392-udobrenie-dlya-roz-i-pionov-eaf-poer--15-g
345379924,https://fix-price.com/catalog/sad-i-ogorod/p-5120048-udobrenie-dlya-borby-s-boleznyami-rasteniy-vashe-hozyaystvo-v-assortimente
345379942,https://fix-price.com/catalog/sad-i-ogorod/p-5120368-gumat-kaliya-stk-10-g
345379937,https://fix-price.com/catalog/sad-i-ogorod/p-5120409-udobrenie-vodorastvorimoe-klubnika-biona-30-g
345379943,https://fix-price.com/catalog/sad-i-ogorod/p-5120410-udobrenie-vodorastvorimoe-ogurets-biona-30-g
345379931,https://fix-price.com/catalog/sad-i-ogorod/p-5120391-udobrenie-eko-kaliy--1-kg
345852228,https://fix-price.com/catalog/sad-i-ogorod/p-5120391-udobrenie-eko-kaliy--1-kg
345852227,https://fix-price.com/catalog/sad-i-ogorod/p-5120391-udobrenie-eko-kaliy--1-kg
345379934,https://fix-price.com/catalog/sad-i-ogorod/p-5120199-kokosovyy-briket-torgovyy-dom-asr-3-l
345379939,https://fix-price.com/catalog/sad-i-ogorod/p-5120390-udobrenie-azofoska--1-kg
345379946,https://fix-price.com/catalog/sad-i-ogorod/p-5120399-helper-dlya-rassady-udachnaya-zaschita-3-v-1-10-ml-h-5-sht
345379949,https://fix-price.com/catalog/sad-i-ogorod/p-5120374-regulyator-rosta-rasteniy-gibbera-schelkovo-agrohim-5-ml
345379962,https://fix-price.com/catalog/sad-i-ogorod/p-5120398-vodorastvorimoe-kompleksnoe-udobrenie-rassada-anerra-50-g
345921271,https://fix-price.com/catalog/sad-i-ogorod/p-5120398-vodorastvorimoe-kompleksnoe-udobrenie-rassada-anerra-50-g
345921272,https://fix-price.com/catalog/sad-i-ogorod/p-5120398-vodorastvorimoe-kompleksnoe-udobrenie-rassada-anerra-50-g
345379959,https://fix-price.com/catalog/sad-i-ogorod/p-5120380-pochvogrunt-dlya-orhidei-azbuka-rosta-25-l
345379963,https://fix-price.com/catalog/sad-i-ogorod/p-5120166-udobrenie-superfosfat-dvoynoy-urojayka-700-g
345379965,https://fix-price.com/catalog/sad-i-ogorod/p-5110170-opora-dlya-rasteniy-reenrt-50-sht-40-sm-v-assortimente
345379968,https://fix-price.com/catalog/sad-i-ogorod/p-5120411-udobrenie-vodorastvorimoe-luk-chesnok-biona-30-g
345388112,https://fix-price.com/catalog/sad-i-ogorod/p-5120313-regulyator-rosta-rasteniy-vashe-hozyaystvo-1-ml-v-assortimente
345388113,https://fix-price.com/catalog/sad-i-ogorod/p-5120224-udobrenie-kompleksnoe-vodorastvorimoe-eafpoer--15-g
345825034,https://fix-price.com/catalog/sad-i-ogorod/p-5120224-udobrenie-kompleksnoe-vodorastvorimoe-eafpoer--15-g
345825035,https://fix-price.com/catalog/sad-i-ogorod/p-5120224-udobrenie-kompleksnoe-vodorastvorimoe-eafpoer--15-g
345390726,https://fix-price.com/catalog/sad-i-ogorod/p-5120390-udobrenie-azofoska--1-kg
345862369,https://fix-price.com/catalog/sad-i-ogorod/p-5120390-udobrenie-azofoska--1-kg
345862370,https://fix-price.com/catalog/sad-i-ogorod/p-5120390-udobrenie-azofoska--1-kg
345388114,https://fix-price.com/catalog/sad-i-ogorod/p-5120374-regulyator-rosta-rasteniy-gibbera-schelkovo-agrohim-5-ml
345388115,https://fix-price.com/catalog/sad-i-ogorod/p-5120411-udobrenie-vodorastvorimoe-luk-chesnok-biona-30-g
345388116,https://fix-price.com/catalog/sad-i-ogorod/p-5120078-organomineralnoe-udobrenie-gumi-omi-ojz-kuznetsova-50-g
345359687,https://fix-price.com/catalog/sad-i-ogorod/p-5120369-margantsovka-kaliy-margantsovokislyy-449-stk-10-g
345359685,https://fix-price.com/catalog/sad-i-ogorod/p-5120307-karbamid-mochevina-sam-sebe-agronom-08-kg
345359686,https://fix-price.com/catalog/sad-i-ogorod/p-5120105-organicheskoe-udobrenie-biogumus-dlya-rassady-lorizel-350-ml
344217708,https://fix-price.com/catalog/sad-i-ogorod/p-5120226-fosforno-kaliynoe-udobrenie-monokaliyfosfat-10-g
342825912,https://fix-price.com/catalog/sad-i-ogorod/p-5120194-zapravka-dlya-rassadnyh-gruntov-unerra-50-g
345907578,https://fix-price.com/catalog/sad-i-ogorod/p-5120194-zapravka-dlya-rassadnyh-gruntov-unerra-50-g
345921270,https://fix-price.com/catalog/sad-i-ogorod/p-5120194-zapravka-dlya-rassadnyh-gruntov-unerra-50-g
347533024,https://fix-price.com/catalog/sad-i-ogorod/p-5120193-pochvobriket-krepkaya-rassada-biomaster-8-l
347533074,https://fix-price.com/catalog/sad-i-ogorod/p-5130337-yaschik-dlya-rassady-s-ruchkami-anplast-45h20h10-sm-5-l
347533010,https://fix-price.com/catalog/sad-i-ogorod/p-5130337-yaschik-dlya-rassady-s-ruchkami-anplast-45h20h10-sm-5-l
347533141,https://fix-price.com/catalog/sad-i-ogorod/p-5130337-yaschik-dlya-rassady-s-ruchkami-anplast-45h20h10-sm-5-l
347533264,https://fix-price.com/catalog/sad-i-ogorod/p-5130329-kasseta-dlya-rassady-agrosnabriteyl-18-yacheek
347533526,https://fix-price.com/catalog/sad-i-ogorod/p-5130329-kasseta-dlya-rassady-agrosnabriteyl-18-yacheek
347533521,https://fix-price.com/catalog/sad-i-ogorod/p-5130329-kasseta-dlya-rassady-agrosnabriteyl-18-yacheek
347533525,https://fix-price.com/catalog/sad-i-ogorod/p-5130328-poddon-dlya-rassady-s-kryshkoy-agrosnabriteyl-20h9h34-sm
347533522,https://fix-price.com/catalog/sad-i-ogorod/p-5130328-poddon-dlya-rassady-s-kryshkoy-agrosnabriteyl-20h9h34-sm
347533529,https://fix-price.com/catalog/sad-i-ogorod/p-5130328-poddon-dlya-rassady-s-kryshkoy-agrosnabriteyl-20h9h34-sm
347533537,https://fix-price.com/catalog/sad-i-ogorod/p-5120242-vermikulit-tsaritsa-tsvetov-18-l
347533545,https://fix-price.com/catalog/sad-i-ogorod/p-5120242-vermikulit-tsaritsa-tsvetov-18-l
347533558,https://fix-price.com/catalog/sad-i-ogorod/p-5120242-vermikulit-tsaritsa-tsvetov-18-l
347533593,https://fix-price.com/catalog/sad-i-ogorod/p-5120239-drenaj-keramzitovyy-tsaritsa-tsvetov-2-l
347533668,https://fix-price.com/catalog/sad-i-ogorod/p-5120239-drenaj-keramzitovyy-tsaritsa-tsvetov-2-l
347533650,https://fix-price.com/catalog/sad-i-ogorod/p-5120239-drenaj-keramzitovyy-tsaritsa-tsvetov-2-l
347533599,https://fix-price.com/catalog/sad-i-ogorod/p-5120316-mikrobiologicheskoe-jidkoe-udobrenie-biomag-sekret-urojaya-25-ml
347533638,https://fix-price.com/catalog/sad-i-ogorod/p-5120316-mikrobiologicheskoe-jidkoe-udobrenie-biomag-sekret-urojaya-25-ml
347533688,https://fix-price.com/catalog/sad-i-ogorod/p-5120316-mikrobiologicheskoe-jidkoe-udobrenie-biomag-sekret-urojaya-25-ml
348868279,https://fix-price.com/catalog/dlya-doma/p-5001201-noj-dlya-zachistki-provodov-aster-and-2-sht
348868287,https://fix-price.com/catalog/dlya-doma/p-5006266-lenta-izolyatsionnaya-na-pvh-osnove-era-15-mm-h-20-m-v-assortimente
348868288,https://fix-price.com/catalog/dlya-doma/p-5006266-lenta-izolyatsionnaya-na-pvh-osnove-era-15-mm-h-20-m-v-assortimente
348868314,https://fix-price.com/catalog/dlya-doma/p-5006266-lenta-izolyatsionnaya-na-pvh-osnove-era-15-mm-h-20-m-v-assortimente
348868315,https://fix-price.com/catalog/dlya-doma/p-5006120-mebelnyy-kryuchok-s-krepleniem-aster-and
348868324,https://fix-price.com/catalog/dlya-doma/p-5006120-mebelnyy-kryuchok-s-krepleniem-aster-and
348868339,https://fix-price.com/catalog/dlya-doma/p-5006120-mebelnyy-kryuchok-s-krepleniem-aster-and
348868342,https://fix-price.com/catalog/dlya-doma/p-5006183-nabor-sterjney-kleevyh-aster-and-10-sht-7h200-mm
348868348,https://fix-price.com/catalog/dlya-doma/p-5006183-nabor-sterjney-kleevyh-aster-and-10-sht-7h200-mm
348868353,https://fix-price.com/catalog/dlya-doma/p-5006183-nabor-sterjney-kleevyh-aster-and-10-sht-7h200-mm
348868357,https://fix-price.com/catalog/dlya-doma/p-5006180-uplotnitel-dlya-okon-i-dverey-aster-and-2-sht
348868372,https://fix-price.com/catalog/dlya-doma/p-5002009-nabor-kistey-ploskih-malyarnyh-aster-and-3-sht-v-assortimente
348868404,https://fix-price.com/catalog/dlya-doma/p-5006043-nabor-dvuhstoronnih-skotchey
348868416,https://fix-price.com/catalog/dlya-doma/p-5012138-svetodiodnyy-svetilnik--s-dvuhstoronnim-skotchem-v-assortimente
348868418,https://fix-price.com/catalog/dlya-doma/p-5000012-pistolet-kleevoy-aster-and-220v-50-gts
348868420,https://fix-price.com/catalog/dlya-doma/p-5006119-malyarnaya-kleykaya-lenta-48-mm-h-20-m
348868431,https://fix-price.com/catalog/dlya-doma/p-5006206-nabor-izolirovannyh-klemm-aster-and-105-sht
348868432,https://fix-price.com/catalog/dlya-doma/p-5006242-nabor-sterjney-kleevyh-aster-and-7h200-mm-10-sht-v-assortimente
348868476,https://fix-price.com/catalog/dlya-doma/p-5006242-nabor-sterjney-kleevyh-aster-and-7h200-mm-10-sht-v-assortimente
348868479,https://fix-price.com/catalog/dlya-doma/p-5006242-nabor-sterjney-kleevyh-aster-and-7h200-mm-10-sht-v-assortimente
348868495,https://fix-price.com/catalog/dlya-doma/dlya-remonta/p-5006100-kleykaya-lenta-armirovannaya-rofitto-48mm-h-10m
348868502,https://fix-price.com/catalog/dlya-doma/dlya-remonta/p-5006100-kleykaya-lenta-armirovannaya-rofitto-48mm-h-10m
348868512,https://fix-price.com/catalog/dlya-doma/dlya-remonta/p-5006100-kleykaya-lenta-armirovannaya-rofitto-48mm-h-10m
348868524,https://fix-price.com/catalog/dlya-doma/p-5006167-kleykaya-lenta-nibob-48-mm-h-66-m
348868530,https://fix-price.com/catalog/avto-moto-velo/p-6040069-udalitel-skotcha-stikerov-tonirovochnoy-plnki--210-ml
