bubblebags_19323,https://packio.ru/product/paket-iz-vpp-30*30-sm/
bubblebags_19324,https://packio.ru/product/paket-iz-vpp-30*60-sm/
bubblebags_19325,https://packio.ru/product/paket-iz-vpp-40*40-sm/
bubblebags_19326,https://packio.ru/product/paket-iz-vpp-50*60-sm/
bubblebags_19327,https://packio.ru/product/paket-iz-vpp-15*37-sm/
bubblebags_19328,https://packio.ru/product/paket-iz-vpp-20*37-sm/
bubblebags_19329,https://packio.ru/product/paket-iz-vpp-30*37-sm/
bubblebags_19330,https://packio.ru/product/paket-iz-vpp-10*20-sm/
bubblebags_19332,https://packio.ru/product/paket-iz-vpp-15*30-sm/
bubblebags_19333,https://packio.ru/product/paket-iz-vpp-20*30-sm/
bubblebags_19334,https://packio.ru/product/paket-iz-vpp-6*20-sm/
bubblebags_19335,https://packio.ru/product/paket-iz-vpp-9*37-sm/
bubblebags_19336,https://packio.ru/product/paket-iz-vpp-10*25-sm/
bubblebags_19337,https://packio.ru/product/paket-iz-vpp-10*30-sm/
bubblebags_19338,https://packio.ru/product/paket-iz-vpp-15*25-sm/
bubblebags_19339,https://packio.ru/product/paket-iz-vpp-15*45-sm/
bubblebags_19340,https://packio.ru/product/paket-iz-vpp-20*25-sm/
bubblebags_19341,https://packio.ru/product/paket-iz-vpp-25*25-sm/
bubblebags_19342,https://packio.ru/product/paket-iz-vpp-25*30-sm/
bubblebags_19343,https://packio.ru/product/paket-iz-vpp-25*37-sm/
bubblebags_19344,https://packio.ru/product/paket-iz-vpp-30*45-sm/
bubblebags_19345,https://packio.ru/product/paket-iz-vpp-45*45-sm/
bubblebags_19346,https://packio.ru/product/paket-iz-vpp-50*45-sm/